"id","title","geometry.type","geometry.coordinates"
1,"Köppern","Polygon","[[[8.643090736986949,50.27366061273895],[8.643004906298472,50.276005658992716],[8.644549858690539,50.276951873021005],[8.649184715868472,50.27685588115119],[8.652145874622192,50.275498261116866],[8.65523577940803,50.273550900145125],[8.651695263507833,50.27185032260195],[8.647768509509973,50.2705474196822],[8.644893181445838,50.27108229993138],[8.643090736986949,50.27366061273895]]]"
3,"Bockenheim Clemensstraße","Polygon","[[[8.648984277103068,50.121432566427075],[8.649052121041706,50.12136248465745],[8.649165194274076,50.12143981625937],[8.649485568431999,50.121258570120574],[8.650333617674733,50.12186030465787],[8.65021677533403,50.12193280228439],[8.650058472809235,50.12180230647783],[8.649945399576836,50.121862721247595],[8.64995670690061,50.121882053957535],[8.649112426766237,50.1223363703987],[8.64896543156388,50.12222279169265],[8.649255652860234,50.1220439650985],[8.649233038214021,50.122027049034955],[8.649564719694382,50.121838555348745],[8.648984277103068,50.121432566427075]]]"