"id","title","geometry.type","geometry.coordinates"
1,"Köppern","Polygon","[[[8.643090736986949,50.27366061273895],[8.643004906298472,50.276005658992716],[8.644549858690539,50.276951873021005],[8.649184715868472,50.27685588115119],[8.652145874622192,50.275498261116866],[8.65523577940803,50.273550900145125],[8.651695263507833,50.27185032260195],[8.647768509509973,50.2705474196822],[8.644893181445838,50.27108229993138],[8.643090736986949,50.27366061273895]]]"